Title,Media URL,Pinterest board,Thumbnail,Description,Link,Publish date,Keywords
Free Etsy Fee Calculator: See What You Actually Keep,BASE_URL/pins/pin-01.png,Etsy Seller Tools & Tips,,"Type one sale and see exactly what Etsy, Shopify, Amazon or eBay takes, plus your real profit after materials and the shipping label. Free, no signup, works on your phone. Uses current US seller fees.",BASE_URL/?utm_source=pinterest,2026-10-09T15:00:00,"etsy fee calculator, etsy seller tips, etsy fees, small business tools"
What Etsy Really Takes From a $25 Sale,BASE_URL/pins/pin-02.png,Etsy Seller Tools & Tips,,"Etsy's 6.5% transaction fee, 3% + 25¢ payment processing and the $0.20 listing renewal add up to $2.83 on a $25 sale, before materials or shipping. Offsite Ads add another 15%. Check your own numbers with the free calculator.",BASE_URL/?utm_source=pinterest,2026-10-10T15:00:00,"etsy fees explained, etsy seller tips, etsy shop, selling on etsy"
Free Shipping Doesn't Avoid Etsy's 6.5% Fee,BASE_URL/pins/pin-03.png,Etsy Seller Tools & Tips,,"Etsy's fees apply to item price plus shipping, so moving shipping into the price doesn't save you anything. Price the label into your item and check what you keep with this free fee calculator.",BASE_URL/?utm_source=pinterest,2026-10-11T15:00:00,"etsy free shipping, etsy seller tips, etsy pricing, etsy fees"
Which of Your Etsy Products Is Losing Money?,BASE_URL/pins/pin-04.png,Etsy Seller Tools & Tips,,"Revenue isn't profit. After Etsy fees, shipping labels, discounts, returns and ads, a popular product can lose money on every order. The Seller Profit Sheet shows net profit per product from your Etsy or Shopify sales export. Excel and Google Sheets, one-time $14.",https://quietprofitsheets.gumroad.com/l/seller-profit-sheet?utm_source=pinterest,2026-10-12T15:00:00,"etsy profit spreadsheet, etsy seller spreadsheet, small business spreadsheet, etsy bookkeeping"
Stop Pricing Your Handmade Products at Cost x 2,BASE_URL/pins/pin-05.png,Etsy Seller Tools & Tips,,"Fees are a percentage of your price, not your cost. Price = (cost + label + fixed fees) / (1 - fee % - target margin). The free calculator does this for Etsy, Shopify, Amazon and eBay.",BASE_URL/?utm_source=pinterest,2026-10-13T15:00:00,"how to price handmade products, pricing formula, etsy pricing, craft business"
Etsy vs Shopify vs Amazon vs eBay Fees on a $30 Sale,BASE_URL/pins/pin-06.png,Etsy Seller Tools & Tips,,"On a $30 item with free shipping (US rates): Shopify Basic $1.17, Etsy $3.30, eBay $4.48, Amazon $4.50, Etsy with Offsite Ads $7.80. Compare your own product in the free calculator.",BASE_URL/?utm_source=pinterest,2026-10-14T15:00:00,"etsy vs shopify, selling platform fees, ecommerce fees, small business tips"
What Etsy Offsite Ads Do to Your Profit,BASE_URL/pins/pin-07.png,Etsy Seller Tools & Tips,,"A $30 sale through Offsite Ads pays $7.80 in fees, about 26% of the order, before materials and shipping. See if your margins survive it with the free calculator.",BASE_URL/?utm_source=pinterest,2026-10-15T15:00:00,"etsy offsite ads, etsy fees, etsy seller tips, etsy marketing"
True Profit per Product Spreadsheet for Etsy & Shopify Sellers,BASE_URL/pins/pin-08.png,Etsy Seller Tools & Tips,,"Paste your Etsy or Shopify sales export, type Amazon or eBay sales, and see net profit and margin per product after fees, labels, returns and ads. Red flag on anything losing money. Excel + Google Sheets, one-time $14, no subscription.",https://quietprofitsheets.gumroad.com/l/seller-profit-sheet?utm_source=pinterest,2026-10-16T15:00:00,"etsy spreadsheet template, profit tracker, google sheets template, seller tools"
5 Costs That Quietly Eat Your Etsy Profit,BASE_URL/pins/pin-09.png,Etsy Seller Tools & Tips,,"Fees on the shipping you charge, the label on free-shipping orders, coupons, returns and refunds, and Etsy Ads. Track all five per product in one spreadsheet that reads your Etsy sales export.",https://quietprofitsheets.gumroad.com/l/seller-profit-sheet?utm_source=pinterest,2026-10-17T15:00:00,"etsy profit, etsy business tips, etsy expenses, handmade business"
"Paste Your Etsy Export, See Which Products Make Money",BASE_URL/pins/pin-10.png,Etsy Seller Tools & Tips,,"Once a month, about 2 minutes, no app connected to your shop. The Seller Profit Sheet turns your Etsy Order Items export into profit and margin per product. Excel and Google Sheets.",https://quietprofitsheets.gumroad.com/l/seller-profit-sheet?utm_source=pinterest,2026-10-18T15:00:00,"etsy sales export, etsy bookkeeping, etsy profit tracker, spreadsheet template"
